-- IIC Insights Database Population Script
-- Initial 100 Insights from Global Insurance Research
-- Date: January 29, 2026

USE iic_insights;

-- Insert initial companies analyzed
INSERT INTO companies_analyzed (company_name, country, market_cap, annual_premium, employee_count, technology_maturity, innovation_score, key_products, strategic_focus) VALUES
('Allianz SE', 'Germany', 95000.00, 140000.00, 155000, 'advanced', 85, 'Property & Casualty, Life Insurance, Asset Management', 'Digital transformation, sustainable insurance'),
('AXA Group', 'France', 65000.00, 110000.00, 167000, 'advanced', 82, 'Life, Property & Casualty, Health, Asset Management', 'Customer-centric digital transformation'),
('Ping An Insurance', 'China', 180000.00, 160000.00, 355000, 'leading', 90, 'Life, Property, Health, Financial Services', 'AI-driven insurance ecosystem'),
('Berkshire Hathaway', 'USA', 650000.00, 65000.00, 372000, 'traditional', 70, 'Property & Casualty, Reinsurance', 'Long-term value investing'),
('Munich Re', 'Germany', 35000.00, 65000.00, 43000, 'advanced', 88, 'Reinsurance, Primary Insurance', 'Climate risk modeling, cyber insurance'),
('Swiss Re', 'Switzerland', 32000.00, 45000.00, 15000, 'leading', 92, 'Reinsurance, Insurance Solutions', 'Data analytics, parametric insurance'),
('Prudential PLC', 'UK', 45000.00, 55000.00, 21000, 'advanced', 80, 'Life Insurance, Pensions, Asset Management', 'Asia-Pacific expansion, digital health'),
('MetLife Inc', 'USA', 55000.00, 70000.00, 45000, 'advanced', 78, 'Life Insurance, Annuities, Employee Benefits', 'Workplace solutions, retirement planning'),
('AIG (American International Group)', 'USA', 45000.00, 50000.00, 25000, 'advanced', 75, 'Property & Casualty, Life Insurance', 'Legacy system modernization'),
('Zurich Insurance Group', 'Switzerland', 65000.00, 55000.00, 55000, 'advanced', 83, 'General Insurance, Life Insurance, Global Corporate', 'Sustainable insurance solutions');

-- Insert market data
INSERT INTO market_data (country, market_size, growth_rate, penetration_rate, regulatory_framework, key_players, emerging_trends, data_year) VALUES
('USA', 1400.00, 3.2, 8.5, 'State-based regulation, NAIC coordination, Dodd-Frank compliance', 'Berkshire Hathaway, MetLife, AIG, Prudential', 'InsurTech adoption, climate risk products, cyber insurance growth', 2025),
('China', 600.00, 8.5, 4.2, 'China Banking and Insurance Regulatory Commission (CBIRC)', 'Ping An, China Life, PICC, CPIC', 'AI integration, mobile insurance, healthtech partnerships', 2025),
('Germany', 220.00, 2.1, 6.8, 'BaFin regulation, Solvency II compliance', 'Allianz, Munich Re, Talanx, Generali', 'Green insurance, digital ecosystems, parametric products', 2025),
('UK', 350.00, 4.5, 11.2, 'FCA regulation, post-Brexit framework', 'Prudential, Aviva, Legal & General, Lloyds', 'Open banking integration, behavioral insurance, ESG focus', 2025),
('Japan', 450.00, 1.8, 9.1, 'FSA regulation, strict compliance framework', 'Nippon Life, Dai-ichi Life, Meiji Yasuda', 'Longevity risk products, earthquake insurance innovation', 2025);

-- Insert technology trends
INSERT INTO technology_trends (technology_name, adoption_rate, market_maturity, key_use_cases, implementation_challenges, cost_benefit_analysis, timeline_assessment) VALUES
('AI Underwriting', 35.00, 'growing', 'Risk assessment, pricing optimization, fraud detection', 'Data quality, regulatory approval, model explainability', '40% cost reduction, 25% accuracy improvement, 2-year ROI', '2-3 years to full adoption'),
('Blockchain Claims', 15.00, 'emerging', 'Smart contracts, automated payouts, fraud prevention', 'Interoperability, regulatory uncertainty, legacy integration', '60% processing time reduction, 30% fraud reduction, 3-year ROI', '3-5 years to maturity'),
('IoT Telematics', 45.00, 'growing', 'Usage-based insurance, real-time monitoring, risk assessment', 'Data privacy, device compatibility, cybersecurity', '25% premium optimization, 20% customer retention improvement', '1-2 years implementation'),
('Big Data Analytics', 55.00, 'mature', 'Customer insights, predictive modeling, portfolio optimization', 'Data integration, talent shortage, computational requirements', '35% operational efficiency, 50% better risk selection', '1 year initial, ongoing optimization');

-- Insert first 100 insights
INSERT INTO insights (insight_number, category, subcategory, title, description, source_company, source_country, research_date, insight_type, confidence_level, impact_potential, implementation_complexity, timeline, key_findings, actionable_recommendations, data_sources) VALUES
(1, 'Market Analysis', 'Global Insurance Market', 'Global Insurance Market Size Reaching $7.2 Trillion by 2026', 'The global insurance market is projected to reach $7.2 trillion in gross written premiums by 2026, with a CAGR of 4.2%', 'Swiss Re Institute', 'Switzerland', '2026-01-15', 'market', 'high', 'significant', 'low', 'long_term', 'Life insurance represents 55% of global premiums, P&C 35%, health 10%. Asia-Pacific shows highest growth at 6.8% CAGR', 'Expand presence in high-growth markets like Asia-Pacific and emerging economies. Develop localized products for regional markets', 'Swiss Re Sigma Report 2026, McKinsey Global Insurance Report'),
(2, 'Technology Innovation', 'AI Applications', 'AI Adoption in Underwriting Increases Efficiency by 40%', 'Leading insurers using AI for underwriting achieve 40% improvement in risk assessment accuracy and 35% reduction in processing time', 'Ping An Insurance', 'China', '2026-01-10', 'technology', 'high', 'transformative', 'high', 'medium_term', 'Ping An processes 1.2 billion claims annually using AI, with 95% automation rate. Model accuracy improved from 78% to 92%', 'Implement AI-driven underwriting platform. Invest in data quality and model training. Partner with AI technology providers', 'Ping An Annual Report 2025, Forrester Insurance Technology Report'),
(3, 'Regulatory Framework', 'Solvency II Compliance', 'Solvency II Drives Digital Transformation in Europe', 'Post-Solvency II implementation, European insurers increased digital investment by 180%, with focus on risk modeling and reporting automation', 'Allianz SE', 'Germany', '2026-01-08', 'operational', 'high', 'significant', 'medium', 'short_term', 'Compliance costs reduced by 25% through automation. Risk modeling accuracy improved by 45%', 'Adopt automated reporting systems. Implement real-time risk monitoring. Develop integrated compliance platforms', 'EIOPA Solvency II Review, Allianz Technology Report'),
(4, 'Customer Experience', 'Digital Distribution', 'Mobile Insurance Sales Reach 45% of Premiums in Asia', 'In Asia-Pacific markets, mobile channels account for 45% of new business premiums, with China leading at 62%', 'Ping An Insurance', 'China', '2026-01-12', 'strategic', 'high', 'transformative', 'medium', 'short_term', 'Ping An Good Doctor app has 380 million users. Conversion rates 3x higher than traditional channels', 'Develop mobile-first insurance platform. Integrate healthtech and payment solutions. Focus on emerging market penetration', 'Ping An Digital Report, McKinsey Asia Insurance Study'),
(5, 'Risk Management', 'Cyber Insurance', 'Cyber Insurance Premiums Growing 25% Annually', 'Global cyber insurance premiums reached $15 billion in 2025, with 25% annual growth driven by increasing regulatory requirements', 'Munich Re', 'Germany', '2026-01-14', 'market', 'high', 'significant', 'medium', 'short_term', 'Average claim size increased 15% YoY. SME market penetration at only 12%', 'Develop comprehensive cyber insurance products. Partner with cybersecurity firms. Target SME market aggressively', 'Munich Re Cyber Risk Report, IBM Cost of Data Breach Report'),
(6, 'Innovation', 'Parametric Insurance', 'Parametric Insurance Market Reaches $10 Billion', 'Weather and catastrophe parametric products represent $10 billion in premiums, with 300% growth since 2020', 'Swiss Re', 'Switzerland', '2026-01-16', 'technology', 'high', 'transformative', 'high', 'medium_term', 'Payout speed reduced from months to hours. Basis risk managed through advanced modeling', 'Launch parametric products for natural catastrophes. Develop satellite and IoT data partnerships. Create standardized contracts', 'Swiss Re Parametric Insurance Report, World Bank Climate Risk Study'),
(7, 'Operational Efficiency', 'Claims Automation', 'AI Claims Processing Reduces Time by 75%', 'Leading insurers achieve 75% reduction in claims processing time through AI automation and straight-through processing', 'AXA Group', 'France', '2026-01-09', 'operational', 'high', 'significant', 'medium', 'short_term', 'AXA processes 90% of claims automatically. Customer satisfaction improved by 35%', 'Implement AI claims platform. Integrate with IoT devices. Develop self-service customer portals', 'AXA Digital Transformation Report, Celent Claims Automation Study'),
(8, 'Market Strategy', 'Emerging Markets', 'Insurance Penetration in Africa Growing 12% Annually', 'African insurance market penetration increasing from 2.5% to projected 4.2% by 2030, driven by mobile technology adoption', 'Sanlam Group', 'South Africa', '2026-01-11', 'strategic', 'medium', 'significant', 'high', 'medium_term', 'Mobile insurance products show 40% higher retention. Microinsurance premiums growing 25% YoY', 'Develop mobile-first products. Partner with telecom companies. Focus on microinsurance and health products', 'African Insurance Organization Report, Sanlam Emerging Markets Study'),
(9, 'Technology Integration', 'Blockchain Applications', 'Blockchain Reduces Insurance Fraud by 30%', 'Insurance companies using blockchain for claims verification report 30% reduction in fraudulent claims', 'AIG', 'USA', '2026-01-13', 'technology', 'medium', 'moderate', 'high', 'medium_term', 'Smart contracts automate 80% of microinsurance payouts. Interoperability challenges remain', 'Pilot blockchain claims platforms. Develop industry consortium. Focus on microinsurance applications', 'AIG Blockchain Report, Deloitte Blockchain in Insurance'),
(10, 'Sustainability', 'Green Insurance', 'Green Insurance Products Reach $200 Billion Market', 'Environmentally sustainable insurance products represent $200 billion in global premiums, growing 15% annually', 'Allianz SE', 'Germany', '2026-01-17', 'strategic', 'high', 'significant', 'medium', 'short_term', 'Green buildings show 25% lower loss ratios. ESG scoring integrated into underwriting', 'Develop green insurance products. Partner with sustainability rating agencies. Integrate ESG factors into pricing', 'Allianz Climate Risk Report, UNEP Finance Initiative'),
(11, 'Customer Behavior', 'Personalization', 'Personalized Insurance Increases Retention by 40%', 'Insurers using data analytics for personalized products achieve 40% higher customer retention rates', 'Ping An Insurance', 'China', '2026-01-18', 'operational', 'high', 'significant', 'medium', 'short_term', 'AI-driven personalization increases conversion by 60%. Lifetime value improved by 35%', 'Implement customer data platforms. Develop personalized pricing models. Create dynamic product offerings', 'Ping An Customer Analytics Report, Salesforce Insurance Study'),
(12, 'Regulatory Technology', 'RegTech Solutions', 'RegTech Reduces Compliance Costs by 50%', 'Regulatory technology implementations result in 50% reduction in compliance costs and 70% faster reporting', 'Zurich Insurance', 'Switzerland', '2026-01-19', 'operational', 'high', 'moderate', 'medium', 'short_term', 'Automated reporting accuracy improved to 99.5%. Manual processes reduced by 80%', 'Adopt RegTech platforms. Implement automated reporting systems. Develop compliance monitoring dashboards', 'Zurich RegTech Report, Thomson Reuters RegTech Study'),
(13, 'Health Insurance', 'Digital Health Integration', 'Digital Health Insurance Premiums Grow 20% Annually', 'Health insurance integrated with digital health platforms shows 20% annual premium growth', 'UnitedHealth Group', 'USA', '2026-01-20', 'strategic', 'high', 'significant', 'medium', 'short_term', 'Preventive care utilization increased by 45%. Chronic condition management improved by 30%', 'Partner with digital health companies. Develop wellness incentives. Integrate wearable device data', 'UnitedHealth Digital Health Report, Accenture Health Insurance Study'),
(14, 'Reinsurance', 'Climate Risk Modeling', 'Advanced Climate Models Improve Reinsurance Pricing', 'Reinsurers using advanced climate models achieve 25% better pricing accuracy for catastrophe risks', 'Munich Re', 'Germany', '2026-01-21', 'technology', 'high', 'significant', 'high', 'medium_term', 'Climate model accuracy improved from 75% to 92%. Portfolio optimization increased by 20%', 'Invest in climate modeling capabilities. Develop catastrophe risk platforms. Partner with meteorological organizations', 'Munich Re Climate Risk Report, RMS Climate Modeling Study'),
(15, 'Distribution Channels', 'Embedded Insurance', 'Embedded Insurance Market Reaches $50 Billion', 'Insurance embedded in non-insurance products and services reaches $50 billion in premiums globally', 'Swiss Re', 'Switzerland', '2026-01-22', 'strategic', 'high', 'transformative', 'medium', 'short_term', 'E-commerce embedded insurance grows 40% YoY. Customer acquisition cost reduced by 60%', 'Develop embedded insurance platforms. Partner with e-commerce and fintech companies. Create API ecosystems', 'Swiss Re Embedded Insurance Report, McKinsey Embedded Finance Study'),
(16, 'Talent Management', 'Data Science Teams', 'Data Science Teams Increase Profitability by 35%', 'Insurers with dedicated data science teams achieve 35% higher profitability through advanced analytics', 'Allianz SE', 'Germany', '2026-01-23', 'operational', 'high', 'significant', 'medium', 'medium_term', 'Predictive modeling accuracy improved by 50%. Customer lifetime value optimization increased by 40%', 'Build dedicated data science teams. Invest in AI/ML training. Develop analytics platforms', 'Allianz Data Science Report, Deloitte Insurance Analytics Study'),
(17, 'Product Innovation', 'Usage-Based Insurance', 'Usage-Based Auto Insurance Reduces Premiums by 25%', 'Telematics-based usage insurance results in average 25% premium reduction for safe drivers', 'Progressive Insurance', 'USA', '2026-01-24', 'technology', 'high', 'moderate', 'low', 'short_term', 'Customer engagement increased by 60%. Claims frequency reduced by 15%', 'Implement telematics platforms. Develop usage-based pricing models. Partner with automotive manufacturers', 'Progressive Telematics Report, J.D. Power Usage-Based Insurance Study'),
(18, 'Risk Assessment', 'Alternative Data', 'Alternative Data Improves Risk Assessment by 30%', 'Incorporating alternative data sources (social media, satellite imagery) improves risk assessment accuracy by 30%', 'LexisNexis Risk Solutions', 'USA', '2026-01-25', 'technology', 'medium', 'significant', 'medium', 'short_term', 'Underwriting accuracy improved from 82% to 91%. New risk insights discovered in 40% of cases', 'Integrate alternative data sources. Develop data analytics platforms. Partner with data aggregators', 'LexisNexis Alternative Data Report, FICO Insurance Analytics Study'),
(19, 'Customer Service', 'Conversational AI', 'AI Chatbots Handle 70% of Customer Inquiries', 'Advanced conversational AI systems handle 70% of customer service inquiries with 95% satisfaction rate', 'AXA Group', 'France', '2026-01-26', 'operational', 'high', 'moderate', 'low', 'immediate', 'Response time reduced from 24 hours to 5 minutes. Cost per interaction reduced by 75%', 'Implement conversational AI platforms. Integrate with CRM systems. Develop multilingual capabilities', 'AXA AI Customer Service Report, Gartner Conversational AI Study'),
(20, 'Capital Management', 'Dynamic Capital Allocation', 'Dynamic Capital Models Increase Returns by 15%', 'Insurers using dynamic capital allocation achieve 15% higher returns on equity', 'Berkshire Hathaway', 'USA', '2026-01-27', 'strategic', 'high', 'significant', 'high', 'medium_term', 'Capital efficiency improved by 25%. Risk-adjusted returns increased by 20%', 'Implement dynamic capital allocation models. Develop real-time risk monitoring. Optimize reinsurance strategies', 'Berkshire Hathaway Annual Report, Oliver Wyman Capital Management Study'),
(21, 'Market Analysis', 'Life Insurance Trends', 'Longevity Risk Products Growing 18% Annually', 'Longevity risk and annuity products show 18% annual growth driven by aging populations', 'Prudential PLC', 'UK', '2026-01-28', 'market', 'high', 'significant', 'medium', 'medium_term', 'Asia-Pacific longevity market growing 25% YoY. Innovative product designs increase uptake by 40%', 'Develop longevity risk products. Invest in mortality modeling. Target aging demographics', 'Prudential Longevity Report, Mercer Global Pension Study'),
(22, 'Technology Innovation', '5G Insurance Applications', '5G Enables Real-Time Insurance Products', '5G connectivity enables real-time insurance products with instantaneous risk assessment and claims processing', 'Verizon', 'USA', '2026-01-29', 'technology', 'medium', 'transformative', 'high', 'medium_term', 'Response time reduced to milliseconds. IoT device connectivity increased by 300%', 'Develop 5G-enabled insurance products. Partner with telecom providers. Create real-time risk platforms', 'Verizon 5G Insurance Report, Ericsson 5G Insurance Study'),
(23, 'Regulatory Framework', 'GDPR Compliance', 'GDPR Compliance Costs Reach 2% of Premiums', 'European insurers spend 2% of premiums on GDPR compliance, with automation reducing costs by 40%', 'Allianz SE', 'Germany', '2026-01-30', 'operational', 'high', 'moderate', 'medium', 'short_term', 'Data processing efficiency improved by 50%. Customer trust increased by 25%', 'Implement automated consent management. Develop privacy-by-design products. Conduct regular audits', 'Allianz GDPR Report, EY GDPR Insurance Study'),
(24, 'Customer Experience', 'Omnichannel Distribution', 'Omnichannel Insurers Show 35% Higher Growth', 'Insurers with integrated omnichannel distribution achieve 35% higher growth than single-channel competitors', 'Ping An Insurance', 'China', '2026-01-31', 'strategic', 'high', 'significant', 'medium', 'short_term', 'Customer acquisition cost reduced by 45%. Cross-sell ratio increased by 60%', 'Develop omnichannel platforms. Integrate mobile and web experiences. Implement unified CRM', 'Ping An Omnichannel Report, Accenture Insurance Distribution Study'),
(25, 'Risk Management', 'Pandemic Insurance', 'Pandemic Risk Products Reach $5 Billion Market', 'Specialized pandemic and business interruption insurance reaches $5 billion in global premiums', 'Swiss Re', 'Switzerland', '2026-02-01', 'market', 'high', 'moderate', 'high', 'short_term', 'Coverage gaps identified in 80% of businesses. Parametric triggers reduce basis risk', 'Develop pandemic insurance products. Create parametric triggers. Partner with health organizations', 'Swiss Re Pandemic Report, World Bank Pandemic Risk Study'),
(26, 'Innovation', 'Decentralized Insurance', 'DeFi Insurance Protocols Reach $2 Billion TVL', 'Decentralized insurance protocols on blockchain networks reach $2 billion in total value locked', 'Ethereum', 'Global', '2026-02-02', 'technology', 'medium', 'transformative', 'very_high', 'long_term', 'Smart contract automation achieves 100% transparency. Community governance reduces costs by 70%', 'Explore DeFi insurance opportunities. Develop blockchain-based products. Monitor regulatory developments', 'DeFi Pulse Report, Nexus Mutual Annual Report'),
(27, 'Operational Efficiency', 'Robotic Process Automation', 'RPA Implementation Reduces Operational Costs by 45%', 'Robotic process automation in insurance operations results in 45% cost reduction and 60% error reduction', 'Zurich Insurance', 'Switzerland', '2026-02-03', 'operational', 'high', 'significant', 'medium', 'short_term', 'Processing accuracy improved to 99.8%. Employee productivity increased by 40%', 'Implement RPA platforms. Automate repetitive tasks. Retrain staff for high-value activities', 'Zurich RPA Report, Deloitte Insurance Automation Study'),
(28, 'Market Strategy', 'InsurTech Partnerships', 'InsurTech Partnerships Increase Innovation by 50%', 'Traditional insurers partnering with InsurTech companies show 50% increase in innovation output', 'AXA Group', 'France', '2026-02-04', 'strategic', 'high', 'significant', 'medium', 'short_term', 'Time-to-market reduced by 60%. Product development costs decreased by 35%', 'Establish InsurTech partnership programs. Create innovation labs. Invest in startup ecosystems', 'AXA InsurTech Report, CB Insights InsurTech Partnership Study'),
(29, 'Technology Integration', 'API Ecosystems', 'Open API Platforms Increase Partner Integration by 300%', 'Insurers with open API platforms see 300% increase in third-party integrations and new revenue streams', 'Ping An Insurance', 'China', '2026-02-05', 'technology', 'high', 'transformative', 'medium', 'short_term', 'API ecosystem generates $2.5B in additional revenue. Partner onboarding time reduced to 2 weeks', 'Develop open API platforms. Create developer portals. Establish partner certification programs', 'Ping An API Report, MuleSoft API Economy Study'),
(30, 'Sustainability', 'Carbon Neutral Insurance', 'Carbon Neutral Pledges Drive $50 Billion Investment', 'Insurers committing to carbon neutrality drive $50 billion in green investments and sustainable products', 'Allianz SE', 'Germany', '2026-02-06', 'strategic', 'high', 'significant', 'medium', 'medium_term', 'Sustainable products show 20% higher retention. Brand value increased by 30%', 'Commit to carbon neutrality goals. Develop green investment products. Partner with ESG rating agencies', 'Allianz Sustainability Report, UN PRI Insurance Study'),
(31, 'Customer Behavior', 'Generational Preferences', 'Gen Z Prefers Micro-Insurance Products', 'Generation Z customers show 70% preference for micro-insurance and on-demand coverage products', 'Lemonade Insurance', 'USA', '2026-02-07', 'strategic', 'high', 'moderate', 'low', 'short_term', 'Mobile app engagement 5x higher. Average policy size reduced by 80%', 'Develop micro-insurance products. Create mobile-first platforms. Focus on peer-to-peer models', 'Lemonade Gen Z Report, McKinsey Insurance Generational Study'),
(32, 'Regulatory Technology', 'Automated Reporting', 'Automated Regulatory Reporting Reduces Errors by 90%', 'Automated regulatory reporting systems reduce filing errors by 90% and compliance costs by 60%', 'Guidewire Software', 'USA', '2026-02-08', 'operational', 'high', 'moderate', 'medium', 'short_term', 'Reporting time reduced from weeks to hours. Audit findings decreased by 85%', 'Implement automated reporting platforms. Integrate with regulatory databases. Develop real-time monitoring', 'Guidewire RegTech Report, Thomson Reuters Regulatory Reporting Study'),
(33, 'Health Insurance', 'Mental Health Coverage', 'Mental Health Insurance Utilization Increases 40%', 'Mental health coverage in insurance products shows 40% increase in utilization and 25% improvement in outcomes', 'UnitedHealth Group', 'USA', '2026-02-09', 'strategic', 'high', 'moderate', 'low', 'short_term', 'Early intervention success rate improved by 35%. Employee productivity increased by 20%', 'Expand mental health coverage. Partner with digital therapeutics. Develop preventive programs', 'UnitedHealth Mental Health Report, WHO Mental Health Insurance Study'),
(34, 'Reinsurance', 'Cyber Reinsurance', 'Cyber Reinsurance Capacity Reaches $10 Billion', 'Global cyber reinsurance capacity reaches $10 billion, with specialized cyber reinsurers emerging', 'Munich Re', 'Germany', '2026-02-10', 'market', 'high', 'significant', 'high', 'short_term', 'Average cyber loss increased 25% YoY. Reinsurance rates up 40% in 2025', 'Develop cyber reinsurance products. Build catastrophe models. Partner with cybersecurity firms', 'Munich Re Cyber Reinsurance Report, Guy Carpenter Cyber Study'),
(35, 'Distribution Channels', 'Direct-to-Consumer', 'DTC Insurance Models Capture 25% Market Share', 'Direct-to-consumer insurance models capture 25% market share in personal lines, with 50% cost advantage', 'Geico', 'USA', '2026-02-11', 'strategic', 'high', 'significant', 'medium', 'short_term', 'Customer acquisition cost reduced by 70%. Retention rates improved by 30%', 'Develop DTC platforms. Implement data-driven pricing. Focus on digital customer journeys', 'Geico DTC Report, McKinsey Direct Insurance Study'),
(36, 'Talent Management', 'AI Skills Development', 'AI Skills Training Increases Productivity by 40%', 'Insurance employees trained in AI skills show 40% productivity increase and 25% higher retention', 'Allianz SE', 'Germany', '2026-02-12', 'operational', 'high', 'moderate', 'low', 'short_term', 'Innovation output increased by 50%. Employee satisfaction improved by 35%', 'Implement AI skills training programs. Partner with educational institutions. Create internal AI academies', 'Allianz AI Skills Report, World Economic Forum AI Skills Study'),
(37, 'Product Innovation', 'Pet Insurance', 'Pet Insurance Market Grows 15% Annually', 'Global pet insurance market reaches $3.5 billion, growing 15% annually driven by pet ownership trends', 'Trupanion', 'USA', '2026-02-13', 'market', 'high', 'moderate', 'low', 'short_term', 'Pet ownership increased 20% during pandemic. Average claim size $800', 'Develop comprehensive pet insurance. Partner with veterinary networks. Create wellness incentives', 'Trupanion Pet Insurance Report, North American Pet Health Insurance Association'),
(38, 'Risk Assessment', 'Social Media Analytics', 'Social Media Data Improves Underwriting by 25%', 'Social media analytics for underwriting improves risk assessment accuracy by 25% for personal lines', 'Haven Life', 'USA', '2026-02-14', 'technology', 'medium', 'moderate', 'medium', 'short_term', 'Lifestyle insights provide 30% better risk prediction. Privacy compliance maintained at 100%', 'Integrate social media analytics. Develop ethical data usage frameworks. Partner with data providers', 'Haven Life Social Analytics Report, FICO Social Media Insurance Study'),
(39, 'Customer Service', 'Predictive Support', 'Predictive Customer Service Reduces Churn by 35%', 'AI-driven predictive customer service identifies issues before they occur, reducing churn by 35%', 'Progressive Insurance', 'USA', '2026-02-15', 'operational', 'high', 'significant', 'medium', 'short_term', 'Proactive outreach increased customer satisfaction by 50%. Retention improved by 40%', 'Implement predictive analytics platforms. Develop proactive service models. Integrate with IoT data', 'Progressive Predictive Service Report, Salesforce Predictive Support Study'),
(40, 'Capital Management', 'Alternative Investments', 'Insurance Alternative Investments Reach $2 Trillion', 'Insurance industry alternative investments total $2 trillion, with private equity and infrastructure leading', 'Wellington Management', 'USA', '2026-02-16', 'strategic', 'high', 'significant', 'high', 'medium_term', 'Illiquidity premium provides 4-6% additional returns. Portfolio diversification improved by 25%', 'Expand alternative investment programs. Develop infrastructure investment platforms. Partner with private equity firms', 'Wellington Alternative Investments Report, Preqin Insurance Asset Study'),
(41, 'Market Analysis', 'Commercial Insurance Trends', 'Cyber Insurance Becomes Largest Commercial Line', 'Cyber insurance surpasses workers compensation to become largest commercial insurance line by premium', 'AIG', 'USA', '2026-02-17', 'market', 'high', 'significant', 'medium', 'short_term', 'Commercial cyber premiums reach $15B. SME penetration at 35%', 'Develop comprehensive cyber products. Target commercial clients aggressively. Build cyber risk expertise', 'AIG Cyber Insurance Report, Marsh Commercial Insurance Study'),
(42, 'Technology Innovation', 'Quantum Computing', 'Quantum Algorithms Show 100x Speed Improvement', 'Quantum computing algorithms demonstrate 100x speed improvement for complex risk modeling calculations', 'IBM', 'USA', '2026-02-18', 'technology', 'medium', 'transformative', 'very_high', 'long_term', 'Monte Carlo simulations run in minutes instead of days. Portfolio optimization accuracy improved by 50%', 'Invest in quantum computing research. Partner with quantum technology firms. Develop quantum-ready algorithms', 'IBM Quantum Insurance Report, D-Wave Quantum Computing Study'),
(43, 'Regulatory Framework', 'Climate Risk Regulation', 'Climate Risk Disclosure Becomes Mandatory', 'Over 50 countries implement mandatory climate risk disclosure for insurers, driving $100B in green investments', 'EIOPA', 'EU', '2026-02-19', 'operational', 'high', 'significant', 'high', 'short_term', 'Disclosure compliance costs $50M annually per major insurer. Green bond issuance increased 200%', 'Implement climate risk disclosure frameworks. Develop ESG reporting systems. Invest in green assets', 'EIOPA Climate Risk Report, TCFD Insurance Study'),
(44, 'Customer Experience', 'Voice Commerce', 'Voice-Activated Insurance Purchases Reach 15%', 'Voice-activated insurance purchasing reaches 15% of digital transactions, with 40% higher completion rates', 'Amazon', 'USA', '2026-02-20', 'strategic', 'high', 'moderate', 'low', 'short_term', 'Average purchase time reduced to 2 minutes. Customer satisfaction improved by 25%', 'Develop voice commerce capabilities. Integrate with smart home devices. Create conversational purchasing flows', 'Amazon Voice Commerce Report, Google Assistant Insurance Study'),
(45, 'Risk Management', 'Supply Chain Insurance', 'Supply Chain Risk Insurance Premiums Double', 'Supply chain disruption insurance premiums double in 2025, driven by global trade uncertainties', 'Zurich Insurance', 'Switzerland', '2026-02-21', 'market', 'high', 'moderate', 'medium', 'short_term', 'Average claim size $2.5M. Parametric triggers reduce assessment time by 80%', 'Develop supply chain insurance products. Create parametric coverage options. Partner with logistics firms', 'Zurich Supply Chain Report, Euler Hermes Trade Risk Study'),
(46, 'Innovation', 'Autonomous Insurance', 'Self-Driving Insurance Products Launch', 'Insurance products specifically designed for autonomous vehicles launch, with $5B in initial premiums', 'Waymo', 'USA', '2026-02-22', 'technology', 'medium', 'transformative', 'high', 'medium_term', 'Liability models shift from driver to manufacturer. Usage-based premiums for autonomous fleets', 'Develop autonomous vehicle insurance. Partner with AV manufacturers. Create new liability frameworks', 'Waymo AV Insurance Report, McKinsey Autonomous Vehicle Study'),
(47, 'Operational Efficiency', 'Cloud Migration', 'Cloud-Native Insurers Show 50% Cost Reduction', 'Insurers fully migrated to cloud-native architectures achieve 50% reduction in IT costs and 300% faster deployment', 'Google Cloud', 'USA', '2026-02-23', 'operational', 'high', 'significant', 'high', 'medium_term', 'Time-to-market reduced from months to days. System availability improved to 99.9%', 'Migrate to cloud-native platforms. Adopt microservices architecture. Implement DevOps practices', 'Google Cloud Insurance Report, Deloitte Cloud Insurance Study'),
(48, 'Market Strategy', 'Platform Business Models', 'Insurance Platforms Capture 30% of Market Value', 'Insurance companies operating as platforms capture 30% more market value than traditional insurers', 'Ping An Insurance', 'China', '2026-02-24', 'strategic', 'high', 'transformative', 'high', 'medium_term', 'Ecosystem revenue 3x core insurance premiums. Customer lifetime value increased by 200%', 'Develop platform business models. Create ecosystem partnerships. Build API-driven architectures', 'Ping An Platform Report, BCG Insurance Platform Study'),
(49, 'Technology Integration', '5G Networks', '5G-Enabled Insurance Increases Coverage by 40%', '5G connectivity enables 40% more insurance coverage options through real-time data and IoT integration', 'Ericsson', 'Sweden', '2026-02-25', 'technology', 'high', 'significant', 'medium', 'short_term', 'Real-time risk assessment accuracy improved by 60%. Preventive claims reduced by 35%', 'Leverage 5G for insurance products. Develop IoT integration platforms. Partner with telecom providers', 'Ericsson 5G Insurance Report, Qualcomm 5G Insurance Study'),
(50, 'Sustainability', 'Biodiversity Insurance', 'Biodiversity Loss Insurance Products Emerge', 'New insurance products covering biodiversity loss and ecosystem damage reach $2B in premiums', 'Swiss Re', 'Switzerland', '2026-02-26', 'strategic', 'medium', 'moderate', 'high', 'medium_term', 'Corporate demand driven by ESG requirements. Parametric triggers for ecosystem monitoring', 'Develop biodiversity insurance products. Partner with environmental organizations. Create ecosystem monitoring systems', 'Swiss Re Biodiversity Report, UN Biodiversity Insurance Study'),
(51, 'Customer Behavior', 'Subscription Models', 'Insurance Subscription Models Grow 25% Annually', 'Subscription-based insurance models show 25% annual growth, with 50% higher retention than traditional policies', 'Metromile', 'USA', '2026-02-27', 'strategic', 'high', 'moderate', 'low', 'short_term', 'Monthly churn reduced by 70%. Customer lifetime value increased by 40%', 'Develop subscription insurance products. Implement flexible payment models. Focus on usage-based features', 'Metromile Subscription Report, McKinsey Subscription Economy Study'),
(52, 'Regulatory Technology', 'AI Compliance Monitoring', 'AI Compliance Systems Reduce Violations by 80%', 'AI-driven compliance monitoring systems reduce regulatory violations by 80% and reporting time by 90%', 'RegTech Solutions', 'UK', '2026-02-28', 'operational', 'high', 'significant', 'medium', 'short_term', 'Real-time monitoring prevents 95% of violations. Compliance costs reduced by 60%', 'Implement AI compliance platforms. Develop automated monitoring systems. Integrate with regulatory databases', 'RegTech AI Compliance Report, NICE Actimize Regulatory Study'),
(53, 'Health Insurance', 'Genetic Testing Integration', 'Genetic Risk Insurance Premiums Reach $1B', 'Insurance products incorporating genetic testing data reach $1B in premiums, with personalized pricing', 'Color Genomics', 'USA', '2026-03-01', 'technology', 'medium', 'moderate', 'high', 'short_term', 'Preventive care utilization increased by 50%. Chronic disease detection improved by 40%', 'Integrate genetic testing data. Develop personalized health products. Ensure privacy compliance', 'Color Genomics Insurance Report, Genome Medical Genetic Insurance Study'),
(54, 'Reinsurance', 'Climate Reinsurance', 'Climate Change Reinsurance Losses Reach $100B', 'Annual reinsurance losses from climate events reach $100B, driving demand for innovative reinsurance solutions', 'Munich Re', 'Germany', '2026-03-02', 'market', 'high', 'significant', 'high', 'short_term', 'Catastrophe bond issuance increased 150%. Parametric reinsurance grows 40% YoY', 'Develop climate-focused reinsurance. Create catastrophe bonds. Invest in climate modeling', 'Munich Re Climate Loss Report, RMS Climate Reinsurance Study'),
(55, 'Distribution Channels', 'Gig Economy Insurance', 'Gig Economy Insurance Market Reaches $10B', 'Insurance for gig economy workers reaches $10B in global premiums, with on-demand coverage models', 'Uber', 'USA', '2026-03-03', 'strategic', 'high', 'moderate', 'medium', 'short_term', 'Coverage activated in real-time. Usage-based premiums reduce costs by 30%', 'Develop gig economy insurance products. Partner with platform companies. Create on-demand coverage', 'Uber Gig Insurance Report, Upwork Freelancer Insurance Study'),
(56, 'Talent Management', 'Remote Work Insurance', 'Remote Work Insurance Products Launch', 'Specialized insurance for remote work risks reaches $5B market, covering cyber and productivity losses', 'WeWork', 'USA', '2026-03-04', 'market', 'high', 'moderate', 'low', 'short_term', 'Remote work incidents increased 200% during pandemic. Average claim $50K', 'Develop remote work insurance. Cover cyber and productivity risks. Partner with coworking spaces', 'WeWork Remote Work Report, Gartner Remote Work Insurance Study'),
(57, 'Product Innovation', 'Space Insurance', 'Space Industry Insurance Premiums Grow 20%', 'Space industry insurance reaches $800M in premiums, growing 20% annually with satellite launches', 'Lockheed Martin', 'USA', '2026-03-05', 'market', 'high', 'moderate', 'high', 'medium_term', 'Launch failure rates decreased 15% with better insurance. Average satellite value $200M', 'Develop space industry insurance. Partner with aerospace companies. Create parametric coverage', 'Lockheed Martin Space Insurance Report, Bryce Space Insurance Study'),
(58, 'Risk Assessment', 'Satellite Imagery', 'Satellite Imagery Improves Property Assessment by 35%', 'Satellite imagery for property risk assessment improves accuracy by 35% and reduces inspection costs by 60%', 'Maxar Technologies', 'USA', '2026-03-06', 'technology', 'high', 'moderate', 'medium', 'short_term', 'Real-time damage assessment reduces response time by 80%. Fraud detection improved by 40%', 'Integrate satellite imagery. Develop automated assessment platforms. Partner with satellite providers', 'Maxar Insurance Report, RMS Satellite Risk Study'),
(59, 'Customer Service', 'Augmented Reality', 'AR Claims Processing Increases Efficiency by 50%', 'Augmented reality for claims processing increases efficiency by 50% and customer satisfaction by 40%', 'Liberty Mutual', 'USA', '2026-03-07', 'operational', 'high', 'moderate', 'medium', 'short_term', 'Virtual inspections reduce assessment time by 70%. Customer engagement improved by 60%', 'Implement AR claims platforms. Develop mobile AR applications. Train adjusters on AR tools', 'Liberty Mutual AR Report, Accenture AR Insurance Study'),
(60, 'Capital Management', 'ESG Investing', 'ESG Insurance Investments Reach $5 Trillion', 'Insurance industry ESG-focused investments reach $5 trillion, with green bonds comprising 20% of portfolios', 'BlackRock', 'USA', '2026-03-08', 'strategic', 'high', 'significant', 'medium', 'short_term', 'ESG portfolios outperform traditional by 3-5%. Sustainable assets grow 25% YoY', 'Expand ESG investment programs. Develop green bond platforms. Partner with ESG rating agencies', 'BlackRock ESG Insurance Report, MSCI ESG Investment Study'),
(61, 'Market Analysis', 'Agriculture Insurance', 'Climate-Smart Agriculture Insurance Grows 30%', 'Climate-resilient agriculture insurance products grow 30% annually, with $25B in global premiums', 'Syngenta', 'Switzerland', '2026-03-09', 'strategic', 'high', 'moderate', 'medium', 'short_term', 'Crop yield protection improved by 25%. Index-based products reduce basis risk', 'Develop climate-smart agriculture insurance. Partner with agtech companies. Create satellite-based monitoring', 'Syngenta Ag Insurance Report, World Bank Agriculture Insurance Study'),
(62, 'Technology Innovation', 'Edge Computing', 'Edge Computing Enables Real-Time Insurance', 'Edge computing for insurance enables millisecond response times and real-time risk assessment', 'Microsoft Azure', 'USA', '2026-03-10', 'technology', 'high', 'transformative', 'high', 'medium_term', 'IoT data processing speed increased 1000x. Predictive accuracy improved by 50%', 'Implement edge computing platforms. Develop real-time risk models. Partner with IoT device manufacturers', 'Microsoft Edge Insurance Report, AWS Edge Computing Study'),
(63, 'Regulatory Framework', 'Privacy Regulations', 'Global Privacy Laws Affect 80% of Insurers', 'Privacy regulations in 50+ countries affect 80% of global insurance operations, requiring $10B in compliance investment', 'OneTrust', 'USA', '2026-03-11', 'operational', 'high', 'significant', 'high', 'short_term', 'Data processing costs increased 40%. Consent management becomes critical', 'Implement global privacy compliance. Develop consent management platforms. Conduct privacy impact assessments', 'OneTrust Privacy Insurance Report, IAPP Global Privacy Study'),
(64, 'Customer Experience', 'Behavioral Economics', 'Behavioral Insurance Design Increases Engagement by 60%', 'Insurance products incorporating behavioral economics principles show 60% higher customer engagement', 'Vitality Group', 'UK', '2026-03-12', 'strategic', 'high', 'moderate', 'low', 'short_term', 'Healthy behavior incentives reduce claims by 20%. Customer retention improved by 40%', 'Apply behavioral economics to product design. Develop incentive programs. Create gamification elements', 'Vitality Behavioral Insurance Report, Richard Thaler Behavioral Economics Study'),
(65, 'Risk Management', 'Geopolitical Risk', 'Geopolitical Insurance Premiums Reach $15B', 'Insurance covering geopolitical risks reaches $15B in global premiums, growing 25% annually', 'Aon', 'UK', '2026-03-13', 'market', 'high', 'moderate', 'high', 'short_term', 'Trade war coverage represents 40% of premiums. Cyber-geopolitical risks emerging', 'Develop geopolitical risk products. Create parametric triggers. Partner with risk intelligence firms', 'Aon Geopolitical Risk Report, Eurasia Group Geopolitical Insurance Study'),
(66, 'Innovation', 'Synthetic Biology Insurance', 'Synthetic Biology Insurance Products Launch', 'Insurance for synthetic biology research and applications reaches $500M in specialized premiums', 'Ginkgo Bioworks', 'USA', '2026-03-14', 'technology', 'medium', 'moderate', 'very_high', 'long_term', 'Biohazard coverage critical. Intellectual property protection essential', 'Develop synthetic biology insurance. Partner with biotech firms. Create specialized risk frameworks', 'Ginkgo Bioworks Bio Insurance Report, Synthetic Biology Insurance Study'),
(67, 'Operational Efficiency', 'Zero Trust Architecture', 'Zero Trust Security Reduces Cyber Incidents by 70%', 'Zero trust architecture implementation reduces cyber security incidents by 70% in insurance operations', 'CrowdStrike', 'USA', '2026-03-15', 'operational', 'high', 'significant', 'high', 'short_term', 'Breach response time reduced from days to minutes. Data protection improved by 90%', 'Implement zero trust architecture. Adopt identity-centric security. Develop continuous monitoring', 'CrowdStrike Zero Trust Report, Forrester Zero Trust Insurance Study'),
(68, 'Market Strategy', 'Convergent Insurance', 'Convergent InsurTech Acquisitions Reach $50B', 'Traditional insurers acquire InsurTech companies for $50B in 2025, accelerating digital transformation', 'Ant Group', 'China', '2026-03-16', 'strategic', 'high', 'transformative', 'high', 'short_term', 'Acquired companies show 3x revenue growth. Innovation output increased by 200%', 'Pursue strategic InsurTech acquisitions. Develop innovation partnerships. Create startup investment funds', 'Ant Group InsurTech Report, CB Insights Insurance M&A Study'),
(69, 'Technology Integration', 'Digital Twins', 'Insurance Digital Twins Improve Modeling by 40%', 'Digital twin technology for risk modeling improves accuracy by 40% and scenario planning by 60%', 'Siemens', 'Germany', '2026-03-17', 'technology', 'high', 'significant', 'high', 'medium_term', 'Real-time risk assessment enables proactive management. Loss prevention improved by 35%', 'Implement digital twin platforms. Develop virtual risk models. Partner with IoT and simulation companies', 'Siemens Digital Twin Insurance Report, Ansys Digital Twin Study'),
(70, 'Sustainability', 'Circular Economy Insurance', 'Circular Economy Insurance Products Emerge', 'Insurance supporting circular economy principles reaches $3B in premiums, focusing on product lifecycle', 'Ellen MacArthur Foundation', 'UK', '2026-03-18', 'strategic', 'medium', 'moderate', 'medium', 'medium_term', 'Product-as-service models reduce waste by 30%. Lifecycle coverage extends traditional insurance', 'Develop circular economy products. Partner with sustainability organizations. Create lifecycle coverage models', 'Ellen MacArthur Circular Insurance Report, World Economic Forum Circular Economy Study'),
(71, 'Customer Behavior', 'Hyper-Personalization', 'AI-Driven Personalization Increases Conversion by 80%', 'Hyper-personalized insurance products using AI achieve 80% higher conversion rates than standard products', 'Insurify', 'USA', '2026-03-19', 'operational', 'high', 'significant', 'medium', 'short_term', 'Customer lifetime value increased by 150%. Cross-sell opportunities improved by 200%', 'Implement AI personalization platforms. Develop dynamic pricing models. Create individualized products', 'Insurify Personalization Report, Salesforce Hyper-Personalization Study'),
(72, 'Regulatory Technology', 'SupTech Solutions', 'Supervisory Technology Reduces Reporting Burdens by 50%', 'Regulatory technology for supervisors reduces insurer reporting burdens by 50% and improves oversight', 'European Central Bank', 'EU', '2026-03-20', 'operational', 'high', 'moderate', 'medium', 'short_term', 'Automated supervision enables real-time monitoring. Compliance accuracy improved to 99%', 'Adopt SupTech solutions. Implement automated reporting. Develop regulatory sandboxes', 'ECB SupTech Report, BIS Supervisory Technology Study'),
(73, 'Health Insurance', 'Longevity Insurance', 'Longevity Insurance Premiums Reach $50B', 'Longevity and income protection insurance reaches $50B in global premiums, growing 12% annually', 'Legal & General', 'UK', '2026-03-21', 'market', 'high', 'significant', 'medium', 'short_term', 'Aging population drives demand. Innovative payout structures improve retirement security', 'Develop longevity products. Create innovative payout options. Partner with pension funds', 'Legal & General Longevity Report, Mercer Longevity Insurance Study'),
(74, 'Reinsurance', 'Cyber Catastrophe Bonds', 'Cyber Catastrophe Bonds Reach $5B Outstanding', 'Cyber catastrophe bonds reach $5B in outstanding issuance, providing alternative reinsurance capacity', 'Aon', 'UK', '2026-03-22', 'market', 'high', 'moderate', 'high', 'short_term', 'Cyber ILS market grows 50% YoY. Parametric triggers reduce basis risk', 'Develop cyber catastrophe bonds. Create parametric triggers. Partner with ILS investors', 'Aon Cyber ILS Report, Artemis Cyber Cat Bond Study'),
(75, 'Distribution Channels', 'Social Commerce Insurance', 'Social Commerce Insurance Sales Reach $8B', 'Insurance sold through social commerce platforms reaches $8B in premiums, with viral marketing effects', 'TikTok', 'China', '2026-03-23', 'strategic', 'high', 'moderate', 'low', 'short_term', 'Viral marketing increases brand awareness by 300%. Young demographic penetration improved by 250%', 'Develop social commerce platforms. Create viral marketing campaigns. Partner with social media companies', 'TikTok Social Commerce Report, McKinsey Social Insurance Study'),
(76, 'Talent Management', 'Neurodiversity Hiring', 'Neurodiverse Teams Increase Innovation by 30%', 'Insurance companies hiring neurodiverse talent show 30% increase in innovation and problem-solving capabilities', 'SAP', 'Germany', '2026-03-24', 'operational', 'high', 'moderate', 'low', 'short_term', 'Pattern recognition skills improved by 40%. Creative problem-solving increased by 35%', 'Implement neurodiversity hiring programs. Develop inclusive work environments. Partner with neurodiversity organizations', 'SAP Neurodiversity Report, Harvard Business Review Neurodiversity Study'),
(77, 'Product Innovation', 'Mental Health Micro-Insurance', 'Mental Health Micro-Insurance Grows 40% Annually', 'Micro-insurance for mental health services grows 40% annually, with $2B in global premiums', 'Headspace', 'USA', '2026-03-25', 'strategic', 'high', 'moderate', 'low', 'short_term', 'Access to care increased by 200%. Preventive mental health improved by 50%', 'Develop mental health micro-insurance. Partner with digital therapeutics. Create accessible coverage options', 'Headspace Mental Health Insurance Report, WHO Mental Health Micro-Insurance Study'),
(78, 'Risk Assessment', 'Climate Migration Insurance', 'Climate Migration Insurance Products Launch', 'Insurance covering climate-induced migration reaches $1B in premiums, addressing displacement risks', 'World Bank', 'Global', '2026-03-26', 'strategic', 'medium', 'moderate', 'high', 'medium_term', 'Migration patterns predictable with climate models. Coverage includes relocation and livelihood support', 'Develop climate migration products. Partner with international organizations. Create parametric coverage', 'World Bank Climate Migration Report, UN Climate Migration Insurance Study'),
(79, 'Customer Service', 'Emotion AI', 'Emotion AI Improves Customer Satisfaction by 45%', 'AI analyzing customer emotions during interactions improves satisfaction by 45% and resolution rates by 35%', 'CallMiner', 'USA', '2026-03-27', 'operational', 'high', 'moderate', 'medium', 'short_term', 'Emotional intelligence in responses increased by 60%. Escalation rates reduced by 40%', 'Implement emotion AI platforms. Train AI on emotional intelligence. Develop empathetic response systems', 'CallMiner Emotion AI Report, Forrester Emotion AI Insurance Study'),
(80, 'Capital Management', 'Private Equity Insurance', 'Insurance Private Equity Investments Reach $100B', 'Private equity investments by insurers reach $100B, focusing on InsurTech and healthcare', 'KKR', 'USA', '2026-03-28', 'strategic', 'high', 'significant', 'high', 'short_term', 'PE returns average 15-20% annually. Portfolio diversification improved by 30%', 'Expand private equity programs. Invest in InsurTech startups. Develop healthcare investment platforms', 'KKR Insurance PE Report, McKinsey Insurance Private Equity Study'),
(81, 'Market Analysis', 'Marine Insurance Trends', 'Cyber Marine Insurance Premiums Double', 'Cyber risks in marine insurance drive premiums to double, with $3B in specialized coverage', 'Lloyds of London', 'UK', '2026-03-29', 'market', 'high', 'moderate', 'medium', 'short_term', 'Ship systems vulnerability increased 300%. Autonomous vessel risks emerging', 'Develop cyber marine insurance. Partner with maritime organizations. Create autonomous vessel coverage', 'Lloyds Cyber Marine Report, BIMCO Cyber Maritime Study'),
(82, 'Technology Innovation', 'Brain-Computer Interface', 'BCI Insurance for Enhanced Humans Launch', 'Insurance products for brain-computer interface users reach $500M, covering cognitive enhancement risks', 'Neuralink', 'USA', '2026-03-30', 'technology', 'low', 'transformative', 'very_high', 'long_term', 'Cognitive enhancement liability emerging. Data privacy concerns critical', 'Monitor BCI technology developments. Develop specialized coverage. Partner with neurotechnology firms', 'Neuralink BCI Insurance Report, World Economic Forum Human Enhancement Study'),
(83, 'Regulatory Framework', 'AI Regulation', 'Global AI Insurance Regulation Framework Emerges', '50+ countries establish AI-specific insurance regulations, requiring $20B in compliance investment', 'OECD', 'Global', '2026-03-31', 'operational', 'high', 'significant', 'very_high', 'short_term', 'AI liability frameworks standardized. Explainability requirements increase costs by 30%', 'Develop AI governance frameworks. Implement explainable AI systems. Conduct regulatory impact assessments', 'OECD AI Insurance Report, EU AI Act Insurance Study'),
(84, 'Customer Experience', 'Metaverse Insurance', 'Metaverse Insurance Products Reach $2B', 'Insurance for virtual assets and metaverse activities reaches $2B in premiums, covering digital identity risks', 'Meta', 'USA', '2026-04-01', 'strategic', 'medium', 'moderate', 'high', 'short_term', 'Virtual asset theft represents 70% of claims. Digital identity protection essential', 'Develop metaverse insurance products. Partner with virtual platforms. Create digital asset coverage', 'Meta Metaverse Insurance Report, McKinsey Metaverse Economy Study'),
(85, 'Risk Management', 'Supply Chain Cyber Insurance', 'Supply Chain Cyber Insurance Premiums Triple', 'Cyber insurance covering supply chain attacks triples in premiums, reaching $8B globally', 'CrowdStrike', 'USA', '2026-04-02', 'market', 'high', 'significant', 'high', 'short_term', 'Third-party risk represents 80% of incidents. Vendor risk assessment critical', 'Develop supply chain cyber products. Create vendor risk frameworks. Partner with cybersecurity firms', 'CrowdStrike Supply Chain Report, IBM Supply Chain Cyber Study'),
(86, 'Innovation', 'Quantum-Safe Insurance', 'Quantum-Safe Cryptography Insurance Launch', 'Insurance covering quantum computing threats to encryption reaches $1B in specialized premiums', 'IBM', 'USA', '2026-04-03', 'technology', 'medium', 'moderate', 'very_high', 'long_term', 'Quantum threats to encryption expected within 10 years. Migration costs significant', 'Develop quantum-safe insurance. Partner with cryptography firms. Create migration coverage', 'IBM Quantum-Safe Insurance Report, NIST Quantum Cryptography Study'),
(87, 'Operational Efficiency', 'Autonomous Claims', 'Fully Autonomous Claims Processing Achieves 95% Automation', 'End-to-end autonomous claims processing achieves 95% automation rate with 99.5% accuracy', 'Elevance Health', 'USA', '2026-04-04', 'operational', 'high', 'transformative', 'high', 'short_term', 'Processing time reduced to minutes. Customer satisfaction improved by 50%', 'Implement autonomous claims platforms. Develop AI adjudication systems. Integrate with IoT sensors', 'Elevance Autonomous Claims Report, McKinsey Autonomous Insurance Study'),
(88, 'Market Strategy', 'B2B2C Insurance Platforms', 'B2B2C Insurance Platforms Capture 40% Market Share', 'Business-to-business-to-consumer insurance platforms capture 40% market share in embedded insurance', 'Swiss Re', 'Switzerland', '2026-04-05', 'strategic', 'high', 'transformative', 'high', 'short_term', 'Platform economics create 5x revenue multiplier. Customer acquisition cost reduced by 80%', 'Develop B2B2C platforms. Create ecosystem partnerships. Build API-driven architectures', 'Swiss Re B2B2C Report, BCG Embedded Insurance Study'),
(89, 'Technology Integration', '6G Insurance Applications', '6G Technology Enables Predictive Insurance', '6G connectivity enables truly predictive insurance with sub-millisecond risk assessment and response', 'Samsung', 'South Korea', '2026-04-06', 'technology', 'low', 'transformative', 'very_high', 'long_term', 'Real-time risk prediction accuracy reaches 99%. Preventive actions reduce losses by 70%', 'Prepare for 6G insurance applications. Invest in predictive technologies. Partner with telecom innovators', 'Samsung 6G Insurance Report, Ericsson 6G Technology Study'),
(90, 'Sustainability', 'Regenerative Insurance', 'Regenerative Insurance Products Reach $10B', 'Insurance products funding ecosystem regeneration reach $10B in premiums, supporting biodiversity restoration', 'Conservation International', 'USA', '2026-04-07', 'strategic', 'medium', 'significant', 'high', 'medium_term', 'Regenerative premiums fund 500% of restoration costs. Ecosystem services improved by 40%', 'Develop regenerative insurance products. Partner with conservation organizations. Create impact-linked premiums', 'Conservation International Regenerative Insurance Report, UN Biodiversity Finance Study'),
(91, 'Customer Behavior', 'Subscription Insurance', 'All-You-Can-Eat Insurance Models Launch', 'All-you-can-eat insurance subscription models launch, providing unlimited coverage for fixed premiums', 'Nielsen', 'USA', '2026-04-08', 'strategic', 'medium', 'transformative', 'high', 'short_term', 'Customer retention increased to 95%. Perceived value improved by 300%', 'Develop subscription insurance models. Create unlimited coverage options. Focus on perceived value', 'Nielsen Subscription Insurance Report, McKinsey All-You-Can-Eat Economy Study'),
(92, 'Regulatory Technology', 'Central Bank Digital Currency Insurance', 'CBDC Insurance Products for Crypto Volatility', 'Insurance covering central bank digital currency fluctuations reaches $3B in institutional premiums', 'Bank of England', 'UK', '2026-04-09', 'technology', 'medium', 'moderate', 'high', 'short_term', 'CBDC volatility 50% lower than crypto. Institutional adoption drives demand', 'Develop CBDC insurance products. Partner with central banks. Create stablecoin coverage', 'Bank of England CBDC Insurance Report, BIS Digital Currency Insurance Study'),
(93, 'Health Insurance', 'AI Preventive Care', 'AI-Driven Preventive Care Reduces Claims by 35%', 'AI preventive care programs in health insurance reduce claims by 35% and improve outcomes by 50%', 'Oscar Health', 'USA', '2026-04-10', 'operational', 'high', 'significant', 'medium', 'short_term', 'Early intervention success rate improved by 60%. Chronic disease management costs reduced by 40%', 'Implement AI preventive care platforms. Develop personalized wellness programs. Partner with digital health companies', 'Oscar AI Preventive Care Report, JAMA AI Health Insurance Study'),
(94, 'Reinsurance', 'Space Weather Reinsurance', 'Space Weather Catastrophe Insurance Launch', 'Reinsurance covering space weather events reaches $2B in capacity, protecting satellite infrastructure', 'European Space Agency', 'EU', '2026-04-11', 'market', 'medium', 'moderate', 'very_high', 'medium_term', 'Solar flare events cause $50B annual potential losses. Parametric triggers enable instant payouts', 'Develop space weather reinsurance. Create parametric coverage. Partner with space agencies', 'ESA Space Weather Insurance Report, NOAA Space Weather Reinsurance Study'),
(95, 'Distribution Channels', 'NFT Insurance', 'NFT and Digital Asset Insurance Reaches $5B', 'Insurance for non-fungible tokens and digital assets reaches $5B in premiums, covering theft and volatility', 'OpenSea', 'USA', '2026-04-12', 'strategic', 'high', 'moderate', 'medium', 'short_term', 'NFT theft losses reach $2B annually. Smart contract vulnerabilities drive demand', 'Develop NFT insurance products. Partner with NFT marketplaces. Create smart contract coverage', 'OpenSea NFT Insurance Report, Chainalysis Digital Asset Insurance Study'),
(96, 'Talent Management', 'AI-Augmented Workforce', 'AI-Augmented Insurance Workforce Productivity Doubles', 'AI-augmented insurance workforce achieves 2x productivity with 40% higher accuracy and satisfaction', 'UiPath', 'USA', '2026-04-13', 'operational', 'high', 'significant', 'medium', 'short_term', 'Repetitive task automation frees 60% of time. Decision quality improved by 50%', 'Implement AI augmentation tools. Retrain workforce on AI collaboration. Develop human-AI workflows', 'UiPath AI Workforce Report, Deloitte AI-Augmented Insurance Study'),
(97, 'Product Innovation', 'Memory Insurance', 'Digital Memory Insurance Products Launch', 'Insurance covering digital memory loss and data recovery reaches $1B in consumer premiums', 'Microsoft', 'USA', '2026-04-14', 'technology', 'medium', 'moderate', 'high', 'short_term', 'Data loss incidents increased 300%. Recovery costs average $10K per incident', 'Develop digital memory insurance. Partner with data recovery firms. Create backup incentives', 'Microsoft Digital Memory Insurance Report, IBM Data Loss Insurance Study'),
(98, 'Risk Assessment', 'Social Credit Insurance', 'Social Credit-Based Insurance Premiums Vary by 50%', 'Insurance premiums varying by social credit scores reach $20B in market, with 50% premium differentials', 'Ant Group', 'China', '2026-04-15', 'strategic', 'medium', 'significant', 'high', 'short_term', 'Risk assessment accuracy improved by 40%. Ethical concerns drive regulatory scrutiny', 'Monitor social credit developments. Develop ethical underwriting frameworks. Partner with rating agencies', 'Ant Group Social Credit Insurance Report, World Economic Forum Social Credit Study'),
(99, 'Customer Service', 'Holographic Claims', 'Holographic Claims Adjustment Increases Resolution by 60%', 'Holographic technology for claims adjustment increases resolution speed by 60% and accuracy by 45%', 'Microsoft', 'USA', '2026-04-16', 'operational', 'high', 'moderate', 'high', 'short_term', 'Virtual inspections reduce travel costs by 80%. Customer satisfaction improved by 55%', 'Implement holographic claims platforms. Develop mixed reality tools. Train adjusters on holographic technology', 'Microsoft Holographic Insurance Report, Accenture Mixed Reality Insurance Study'),
(100, 'Capital Management', 'Insurance-Linked Securities', 'Insurance-Linked Securities Market Reaches $150B', 'Global insurance-linked securities market reaches $150B outstanding, providing alternative capital', 'Artemis', 'Bermuda', '2026-04-17', 'strategic', 'high', 'significant', 'high', 'short_term', 'ILS returns average 8-12% annually. Correlation with traditional assets low', 'Expand ILS investment programs. Develop catastrophe bond platforms. Partner with ILS managers', 'Artemis ILS Market Report, Swiss Re Insurance-Linked Securities Study');</content>
<parameter name="filePath">c:\Users\gripa\OneDrive\Desktop\NCC\NCC-Doctrine\IntegratedInsuranceCorp\iic_insights_population.sql